Serial NO,Gender,Age,SSC Gpa,HSC Gpa,Physics,Math,Chemsitry,ICT,Financial_condition,Rating,Admit
1,Male,20,4.5,4.5,84,70,79,81,rich,4,1
2,Female,21,4,4.5,75,68,95,79,rich,4,1
3,Male,22,3,3.5,68,78,86,79,poor,3,0
4,Female,20,3.5,2.5,82,59,85,74,poor,3,1
5,Male,21,2,3,78,66,81,68,rich,2,0
6,Male,23,4.5,3,65,67,92,78,poor,5,1
7,Male,22,3,4,77,49,85,71,poor,3,1
8,Female,20,3,4,83,59,93,78,rich,2,0
9,Male,19,2,1.5,78,66,79,71,rich,1,0
10,Male,20,3.5,3,73,74,77,68,rich,3,0
11,Female,21,3.5,4,71,59,80,78,poor,3,0
12,Female,22,4,4.5,76,71,100,74,rich,4,1
13,Male,20,4,4.5,76,54,85,75,rich,4,1
14,Female,20,4,3,82,55,71,77,poor,3,0
15,Male,22,3.5,2,80,57,89,69,poor,3,0
16,Female,20,3.5,2.5,79,59,80,66,rich,3,0
17,Male,19,4,3,85,55,98,80,poor,3,0
18,Female,20,4,3,75,64,101,75,poor,3,0
19,Female,21,4,3,84,56,81,72,rich,3,0
20,Male,22,3.5,3,74,54,93,77,rich,3,0
21,Male,20,3,2,77,53,96,64,rich,3,0
22,Female,20,3,2,68,54,90,71,poor,4,0
23,Male,21,5,5,68,74,82,74,rich,5,1
24,Female,22,5,4.5,68,62,80,82,rich,5,1
25,Male,22,4,3.5,71,68,85,68,poor,5,1
26,Male,20,4.5,4.5,76,55,80,77,poor,5,1
27,Male,20,4.5,3.5,77,65,87,74,rich,5,1
28,Female,23,1.5,2.5,76,52,86,78,poor,2,0
29,Male,22,2,2,77,59,97,57,poor,1,0
30,Male,20,1.5,2,77,53,72,70,rich,2,0
31,Female,19,3,3,76,52,83,76,rich,2,0
32,Female,20,4,4,80,48,92,74,rich,3,0
33,Male,20,3,4.5,70,54,84,71,poor,4,1
34,Female,19,4,4,74,50,78,69,rich,5,1
35,Male,20,4,5,74,63,95,72,rich,5,1
36,Female,22,5,5,79,61,83,66,poor,5,1
37,Male,20,4,4,66,64,84,73,poor,2,0
38,Female,20,1,2,64,58,81,68,rich,1,0
39,Female,21,3,1.5,74,51,81,73,poor,1,0
40,Male,22,4,3.5,69,55,79,73,poor,2,0
41,Male,22,3.5,3,76,50,85,75,rich,3,0
42,Female,20,2.5,2.5,78,67,74,70,rich,2,0
43,Male,20,2.5,2,69,62,80,63,rich,2,0
44,Female,23,4.5,4,69,50,77,74,poor,4,1
45,Male,22,4.5,4,73,52,89,65,rich,5,1
46,Male,20,5,4,63,58,88,69,rich,5,1
47,Male,19,4,5,67,60,80,70,poor,5,1
48,Female,20,4.5,4,75,44,91,70,poor,5,1
49,Male,21,3.5,5,78,48,73,70,rich,3,1
50,Male,23,3,4,66,48,89,69,poor,4,1
51,Female,22,2.5,4.5,74,51,89,61,poor,3,1
52,Female,20,1.5,3.5,73,56,72,68,rich,2,0
53,Male,19,4,3,76,57,76,69,rich,4,1
54,Female,20,4,2.5,67,55,84,73,rich,4,0
55,Male,21,3,3.5,69,58,90,79,poor,3,0
56,Female,22,3,3,75,51,83,62,rich,3,0
57,Male,20,2,3,69,53,73,79,rich,3,0
58,Female,20,4,2,78,52,77,65,poor,2,0
59,Female,22,3,2,74,53,72,72,poor,1,0
60,Male,20,2,2,72,44,87,75,rich,2,0
61,Male,19,3,3,77,49,82,77,poor,2,0
62,Female,20,4,3,63,54,95,60,poor,3,0
63,Male,20,3,3,72,59,87,71,rich,2,0
64,Female,22,4,3,78,64,92,67,rich,2,0
65,Male,20,3,3.5,69,38,87,74,rich,3,0
66,Male,19,3.5,3.5,65,42,82,63,poor,4,0
67,Male,20,3,3,60,48,84,77,rich,3,0
68,Female,21,3.5,3.5,65,51,78,69,rich,2,0
69,Male,22,3.5,4,63,50,75,77,poor,3,0
70,Male,20,4.5,4,76,56,85,66,poor,4,1
71,Female,19,5,5,71,52,76,76,rich,5,1
72,Female,20,5,5,62,62,81,69,poor,5,1
73,Male,22,5,5,73,60,82,74,poor,5,1
74,Female,20,4.5,4,69,55,75,75,rich,4,1
75,Male,20,3,5,76,51,83,69,rich,3,0
76,Female,21,2,4,71,56,67,72,rich,2,0
77,Male,22,3,3,72,48,86,79,poor,3,0
78,Female,22,3,2,55,56,76,76,rich,2,0
79,Female,20,3,2,76,48,87,57,rich,2,0
80,Male,20,1.5,2,60,49,81,71,poor,1,0
81,Male,23,2,3,72,42,81,78,poor,3,0
82,Female,22,5,5,67,46,79,76,rich,4,1
83,Male,20,5,4.5,61,46,74,70,poor,5,1
84,Female,19,4,4.5,60,64,77,68,poor,5,1
85,Male,20,4.5,4.5,78,61,82,69,rich,5,1
86,Male,19,4.5,3.5,51,61,75,67,rich,4,1
87,Male,20,4.5,3.5,65,52,75,61,rich,3,0
88,Female,22,3.5,3,73,52,87,66,poor,2,0
89,Male,20,4.5,3.5,64,54,76,62,rich,3,0
90,Male,20,4.5,3.5,77,55,81,63,rich,4,0
91,Female,21,4,4,71,50,78,72,poor,2,0
92,Female,22,5,3.5,73,54,75,68,poor,3,0
93,Male,22,4,3,66,49,73,73,rich,2,0
94,Female,20,3,3,61,52,80,67,poor,2,0
95,Male,20,2,2.5,64,55,73,59,poor,3,0
96,Female,23,1.5,2.5,65,45,70,62,rich,4,0
97,Male,22,3,3,75,76,72,58,rich,2,0
98,Female,20,4,4,71,43,77,67,rich,3,1
99,Female,20,5,4.5,57,46,82,66,poor,4,1
100,Male,19,4,4,69,50,70,70,rich,3,1
101,Male,20,3.5,3.5,74,50,76,66,rich,3,0
102,Female,22,2.5,3,68,58,69,71,poor,2,0
103,Male,20,4,3.5,68,48,88,65,poor,2,0
104,Female,20,4.5,4,63,51,74,70,rich,2,0
105,Male,21,3.5,3,54,42,83,63,poor,3,0
106,Male,22,4,4.5,64,40,67,70,poor,3,0
107,Male,22,4.5,4.5,59,49,72,75,rich,4,1
108,Female,20,3.5,4.5,59,64,76,70,rich,4,1
109,Male,20,5,5,61,47,76,57,rich,5,1
110,Male,23,5,4,65,62,67,65,poor,5,0
111,Female,22,3,3,56,49,78,58,rich,5,0
112,Female,20,4,4,69,52,88,57,rich,4,0
113,Male,19,3.5,3.5,52,41,75,69,poor,3,0
114,Female,20,4,3.5,70,64,73,56,poor,2,0
115,Male,21,3.5,3,60,49,70,58,rich,3,0
116,Female,23,4.5,4.5,75,43,79,68,poor,4,0
117,Male,22,4,3.5,65,38,67,59,poor,3,0
118,Female,20,2,2.5,58,51,65,66,rich,4,0
119,Female,19,3,3.5,52,52,75,74,rich,2,0
120,Male,20,3,3.5,62,49,71,62,rich,5,0
121,Male,21,5,5,71,51,60,63,poor,5,1
122,Female,20,4.5,4.5,64,56,69,60,rich,5,1
123,Male,22,1.5,2.5,75,55,83,62,rich,4,0
124,Female,20,3.5,3.5,57,33,70,67,poor,3,0
125,Male,19,2.5,3,57,39,64,65,poor,4,0
126,Male,20,2,3,55,35,63,66,rich,3,0
127,Male,21,4,3,68,42,79,74,poor,3,1
128,Female,22,2.5,2,63,46,77,63,poor,3,1
129,Male,20,3.5,3,54,46,80,77,rich,3,1
130,Male,20,5,5,64,64,100,69,rich,5,1
131,Female,21,4,4.5,59,61,85,77,rich,5,1
132,Female,22,5,4.5,59,61,71,66,poor,5,1
133,Male,22,3.5,3.5,61,52,89,76,rich,5,0
134,Female,20,4,4.5,65,52,80,69,rich,5,1
135,Male,20,4,4,56,54,98,74,poor,5,1
136,Female,23,3.5,4,69,55,101,75,poor,4,1
137,Male,22,5,4,52,50,81,69,rich,3,1
138,Female,20,1.5,3,70,54,93,72,poor,2,0
139,Female,19,4.5,3,60,49,96,79,poor,2,1
140,Male,20,3.5,3.5,75,52,90,76,rich,1,1
141,Male,20,4,3,65,55,82,57,rich,2,1
142,Female,22,4.5,3.5,58,45,80,71,rich,2,1
143,Male,20,4,3.5,52,76,85,78,poor,5,1
144,Female,20,4.5,4,62,43,80,76,rich,4,1
145,Male,22,3,3.5,71,45,87,70,rich,2,1
146,Male,20,2,2.5,64,76,86,68,poor,2,1
147,Male,19,2,2.5,75,43,97,69,poor,3,1
148,Female,20,3,3,57,46,72,67,rich,3,1
149,Male,21,4,3.5,75,50,83,61,poor,4,1
150,Male,22,3.5,3,78,50,92,66,poor,2,1
151,Female,20,4,4,66,58,84,62,rich,4,1
152,Female,20,5,5,74,48,78,63,rich,5,1
153,Male,21,5,5,73,51,95,72,rich,5,1
154,Female,22,3,4,76,42,83,68,poor,3,1
155,Male,22,3,3.5,67,40,84,73,rich,3,1
156,Female,20,3,3,69,49,81,67,rich,3,1
157,Male,20,2,2.5,75,64,81,59,poor,3,0
158,Female,23,2,2.5,69,47,79,77,poor,2,0
159,Female,22,2,2.5,78,62,61,69,rich,2,0
160,Male,20,1.5,2,74,49,60,66,poor,1,0
161,Male,19,1.5,2,72,52,78,80,poor,1,0
162,Female,20,1.5,3,77,41,51,75,rich,1,0
163,Male,20,3,3,63,64,65,72,rich,3,0
164,Female,19,3.5,3,72,49,73,77,rich,3,0
165,Male,20,4.5,4,78,43,64,64,poor,4,1
166,Male,22,4.5,4,69,38,77,71,rich,5,1
167,Male,20,3.5,5,65,51,71,74,rich,3,0
168,Female,20,2,3,60,52,73,82,poor,3,0
169,Male,21,2,4,65,49,66,68,poor,2,0
170,Male,22,2.5,3,63,64,61,77,rich,2,0
171,Female,22,2.5,3.5,76,61,64,74,poor,2,0
172,Female,20,4,4.5,71,61,65,78,poor,5,1
173,Male,20,4,5,62,52,75,57,rich,4,1
174,Female,23,4,4.5,73,52,71,70,rich,4,1
175,Male,22,4,4,69,54,57,76,rich,4,1
176,Female,20,4.5,3.5,76,55,69,74,poor,4,1
177,Male,19,4.5,4.5,71,50,74,71,rich,4,1
178,Female,20,3.5,3.5,72,54,68,69,rich,3,1
179,Female,21,2.5,3,55,49,68,72,poor,3,0
180,Male,23,3,3,76,52,63,66,poor,3,0
181,Male,22,3.5,3,60,55,54,73,rich,3,0
182,Female,20,2.5,2.5,72,45,64,68,poor,2,0
183,Male,19,3,3.5,67,76,59,74,poor,2,0
184,Female,20,4,4,61,43,59,68,rich,3,1
185,Male,21,2.5,4,60,46,61,78,rich,2,0
186,Male,22,4.5,4.5,78,50,65,71,rich,4,1
187,Male,20,3.5,3,51,50,56,78,poor,3,1
188,Female,20,4.5,3.5,65,58,69,71,rich,5,1
189,Male,22,4.5,3.5,73,48,52,68,rich,5,1
190,Male,20,5,5,64,51,70,78,poor,5,1
191,Female,19,4.5,4,77,42,60,74,poor,5,1
192,Female,20,4,5,71,40,75,75,rich,5,1
193,Male,20,4.5,4,73,49,65,77,poor,5,1
194,Female,22,4.5,5,66,64,58,69,poor,5,1
195,Male,20,3.5,3,61,47,52,66,rich,3,1
196,Female,19,3,3.5,64,62,62,80,rich,2,1
197,Male,20,3,2.5,65,49,71,75,rich,2,0
198,Female,21,3.5,2.5,75,52,64,72,poor,2,0
199,Female,22,4.5,4.5,71,41,75,77,rich,3,0
200,Male,20,4,4.5,57,64,57,64,rich,3,0
201,Male,19,2.5,3,69,49,57,71,poor,3,0
202,Female,20,3.5,3,74,43,55,74,poor,2,0
203,Male,22,4.5,4.5,68,38,68,82,rich,5,1
204,Female,20,4,5,68,51,63,68,poor,5,1
205,Male,20,3.5,4,63,52,54,77,poor,3,0
206,Male,21,2.5,3,54,49,64,74,rich,2,0
207,Male,22,3.5,3,64,51,59,78,rich,2,0
208,Female,22,3.5,4,59,56,59,57,rich,3,0
209,Male,20,3,3,59,55,61,70,poor,2,0
210,Male,20,3.5,4,61,33,65,76,rich,3,0
211,Female,23,4.5,4,65,39,56,74,rich,4,1
212,Female,22,5,4,56,35,69,71,poor,4,1
213,Male,20,5,5,69,42,52,69,poor,4,1
214,Female,19,5,4.5,52,46,70,72,rich,5,1
215,Male,20,4.5,5,70,46,60,66,poor,4,1
216,Female,19,5,4.5,60,64,75,73,poor,5,1
217,Male,20,4.5,4.5,75,61,65,68,rich,4,1
218,Female,22,4,4,65,61,58,73,rich,4,1
219,Female,20,3,3.5,58,52,52,73,rich,4,1
220,Male,20,3.5,3.5,52,52,62,75,poor,3,0
221,Male,21,4,4,62,54,71,70,rich,3,1
222,Female,22,3.5,4,71,55,64,63,rich,3,1
223,Male,22,4.5,4,64,50,75,74,poor,4,1
224,Female,20,3,4,75,54,57,65,poor,2,0
225,Male,20,3,2,57,49,75,69,rich,2,0
226,Male,23,2.5,2.5,57,52,78,70,poor,2,0
227,Male,22,3.5,4,55,55,66,70,poor,2,0
228,Female,20,3.5,3,68,45,74,70,rich,2,0
229,Male,20,4,3.5,63,76,73,69,rich,3,0
230,Male,19,3,3,54,43,76,61,rich,4,1
231,Female,20,4,4.5,64,45,67,68,poor,3,0
232,Female,22,3.5,2.5,59,76,69,69,rich,3,0
233,Male,20,2.5,3.5,59,43,75,73,rich,2,0
234,Female,20,2.5,3.5,61,46,69,79,poor,2,0
235,Male,21,5,4,65,50,78,62,poor,5,1
236,Male,22,4.5,4,73,50,74,79,rich,5,1
237,Female,22,4,4.5,63,58,72,65,poor,4,1
238,Male,20,4.5,5,67,48,77,72,poor,5,1
239,Male,20,2,3.5,75,51,63,75,rich,3,0
240,Male,23,1.5,2,78,42,72,77,rich,1,0
241,Female,22,2.5,3,66,40,78,60,rich,1,0
242,Male,20,2.5,2,74,49,69,71,poor,2,0
243,Male,19,3.5,3,73,64,65,67,rich,3,0
244,Female,20,3.5,3,76,66,60,74,rich,3,1
245,Female,21,2.5,4,67,67,65,63,poor,2,0
246,Male,23,4,2.5,69,49,63,77,poor,4,1
247,Female,22,3,3.5,75,59,76,69,rich,3,0
248,Male,20,2.5,3.5,69,66,71,77,poor,2,0
249,Female,19,3.5,4,78,74,62,66,poor,3,1
250,Male,20,3.5,4,74,59,73,76,rich,3,1
251,Female,21,3,2.5,72,71,69,69,rich,3,0
252,Female,20,2.5,3,77,54,76,74,rich,2,0
253,Male,22,2.5,3.5,63,55,71,75,poor,2,0
254,Male,20,4.5,4.5,72,57,72,69,rich,4,1
255,Female,19,4,5,78,59,55,72,rich,4,1
256,Male,20,4,4.5,69,55,76,79,poor,4,1
257,Female,21,4,4,65,64,60,76,poor,3,1
258,Male,22,4,5,60,56,72,57,rich,3,1
259,Male,20,5,5,65,54,67,71,poor,4,1
260,Male,20,5,4.5,63,53,61,78,poor,4,1
261,Female,21,5,3.5,76,54,60,76,rich,5,1
262,Male,22,3.5,4,71,74,78,70,rich,3,0
263,Male,22,2.5,4,62,62,51,68,rich,2,0
264,Female,20,2.5,1.5,73,68,65,69,poor,3,0
265,Female,20,3,2.5,69,55,73,67,rich,2,1
266,Male,23,2.5,2.5,76,65,64,61,rich,3,0
267,Female,22,2,2.5,71,52,77,66,poor,2,0
268,Male,20,3,3.5,72,59,71,62,poor,3,0
269,Female,19,4.5,5,55,53,73,63,rich,4,1
270,Male,20,4.5,5,76,52,66,72,poor,4,1
271,Female,20,2.5,3,60,48,61,68,poor,2,0
272,Female,19,1.5,2,72,54,64,73,rich,2,0
273,Male,20,1.5,1.5,67,50,65,67,rich,1,0
274,Male,22,1,1.5,61,63,75,59,rich,1,0
275,Female,20,2,2.5,60,61,71,62,poor,1,0
276,Male,20,3.5,3,78,64,57,58,rich,3,1
277,Female,21,5,4.5,51,58,69,67,rich,5,1
278,Male,22,2.5,3,65,51,74,66,poor,2,0
279,Male,22,3,3.5,73,55,68,70,poor,2,0
280,Male,20,3,4,64,50,68,66,rich,2,0
281,Female,20,4.5,4,77,67,63,71,poor,3,0
282,Male,23,4,4.5,71,62,54,65,poor,3,1
283,Male,22,4,3.5,73,55,64,70,rich,3,1
284,Female,20,2.5,3,66,57,59,63,rich,3,1
285,Female,19,5,4.5,61,59,59,70,rich,4,1
286,Male,20,4,4,64,55,61,75,poor,5,1
287,Female,21,4.5,4,65,64,65,70,rich,5,1
288,Male,23,5,4.5,75,56,56,76,rich,5,1
289,Male,22,5,5,71,54,69,74,poor,4,1
290,Female,20,4,3.5,57,53,52,71,poor,3,1
291,Male,19,2.5,3,69,54,70,69,rich,2,0
292,Male,20,1.5,2,74,74,60,72,poor,2,0
293,Male,21,1,2,68,62,75,66,poor,2,0
294,Female,22,3.5,3,68,68,65,73,rich,1,0
295,Male,20,2.5,2,63,55,58,68,rich,2,0
296,Male,20,3,2.5,54,65,52,73,rich,2,0
297,Female,22,3.5,3.5,64,52,62,73,poor,3,1
298,Female,20,4,4.5,59,59,71,75,rich,3,1
299,Male,19,4.5,4.5,59,53,64,70,rich,3,1
300,Female,20,3,3.5,61,52,75,63,poor,3,0
301,Male,20,2.5,2.5,65,48,57,74,poor,2,0
302,Female,22,2.5,3,56,54,57,65,rich,2,0
303,Male,20,3,3,69,50,55,69,poor,2,0
304,Female,19,3.5,3.5,52,63,68,70,poor,3,0
305,Female,20,2.5,2,70,61,63,70,rich,2,0
306,Male,21,3.5,3.5,60,64,54,70,rich,3,0
307,Male,22,4,3.5,75,58,64,69,rich,3,1
308,Female,20,4,4,65,51,59,61,poor,4,1
309,Male,19,3.5,3,58,55,59,68,rich,3,0
310,Female,20,3.5,3,52,50,61,69,rich,4,0
311,Male,22,3,3.5,62,67,65,73,poor,3,1
312,Male,20,4.5,4,71,62,73,79,poor,4,1
313,Male,20,4.5,4.5,64,50,63,62,rich,4,1
314,Female,21,3.5,3,75,52,67,79,poor,3,0
315,Male,22,3,4,57,58,75,65,poor,2,0
316,Male,22,2.5,3,57,60,77,72,rich,2,0
317,Female,20,1.5,2,55,44,68,75,rich,2,0
318,Female,20,1,2.5,68,48,68,77,rich,1,0
319,Male,23,2.5,2,63,48,68,60,poor,3,1
320,Female,22,3.5,3,54,51,71,71,rich,4,1
321,Male,20,4,3.5,64,56,76,67,rich,3,1
322,Female,19,4,4,59,57,77,74,poor,3,0
323,Male,20,2.5,4,59,55,76,63,poor,2,0
324,Female,19,2,2.5,61,58,77,77,rich,2,0
325,Female,20,3,2.5,65,51,77,69,poor,3,0
326,Male,22,3.5,4,56,53,76,77,poor,3,1
327,Male,20,2,2,69,52,80,66,rich,3,0
328,Female,20,2.5,2,52,53,70,76,rich,2,0
329,Male,21,4,3.5,70,44,74,69,rich,4,1
330,Female,22,2.5,1.5,60,49,74,74,poor,2,0
331,Male,22,3.5,3,75,54,79,75,rich,3,1
332,Male,20,3,2,65,59,66,69,rich,2,0
333,Male,20,3.5,2.5,58,64,64,72,poor,3,1
334,Female,23,3,3.5,52,38,74,79,poor,3,0
335,Male,22,4.5,4,62,42,69,76,rich,4,0
336,Male,20,4,4.5,71,48,76,57,poor,4,1
337,Female,20,3,2.5,64,51,78,71,poor,3,0
338,Female,19,5,5,75,50,69,78,rich,5,1
339,Male,20,4,4,57,56,69,76,rich,5,1
340,Female,22,3.5,4,75,52,73,70,rich,5,1
341,Male,20,3,3,78,62,63,68,poor,3,1
342,Male,20,3.5,3.5,66,60,67,69,rich,3,1
343,Female,21,3,3,74,55,75,67,rich,3,0
344,Male,22,2.5,3.5,73,51,78,61,poor,2,0
345,Male,22,1.5,2,76,56,66,66,poor,2,0
346,Male,22,1.5,2,67,48,74,62,rich,1,0
347,Female,20,1.5,2,71,56,73,63,poor,2,0
348,Male,20,1,1,76,48,76,72,poor,1,0
349,Male,23,2,2,76,49,67,68,rich,1,0
350,Female,22,2.5,3,82,42,69,73,rich,3,0
351,Female,20,3,3.5,80,46,75,67,rich,3,0
352,Male,19,3.5,4,79,46,69,59,poor,4,0
353,Female,20,3,3.5,85,64,78,62,rich,2,0
354,Male,19,3.5,2.5,75,61,74,58,rich,3,0
355,Female,20,2.5,3,84,61,72,67,poor,2,0
356,Male,22,2,3.5,74,52,77,66,poor,2,0
357,Female,20,3.5,4,77,52,63,70,rich,3,1
358,Female,20,3.5,3.5,68,54,72,66,poor,2,0
359,Male,21,2.5,2,68,55,78,71,poor,2,0
360,Male,22,2,1.5,68,50,69,65,rich,2,1
361,Female,22,4,5,71,54,65,70,rich,3,1
362,Male,20,4,3.5,76,49,60,63,rich,4,1
363,Female,20,4.5,5,77,52,65,70,poor,5,1
364,Male,23,2.5,3,76,55,63,75,rich,2,0
365,Male,22,3.5,4,77,45,76,70,rich,3,1
366,Male,20,4.5,3,77,76,71,57,poor,4,1
367,Female,20,3.5,4.5,76,43,62,65,poor,3,0
368,Male,19,1,2.5,80,46,73,58,rich,1,0
369,Male,20,2,2,70,50,69,57,poor,1,0
370,Female,22,2,3,74,50,76,69,poor,1,0
371,Female,20,2.5,2.5,74,58,71,56,rich,2,0
372,Male,20,3.5,3,79,48,72,58,rich,3,1
373,Female,21,4.5,4,66,51,55,68,rich,4,1
374,Male,22,3,3,64,42,76,59,poor,3,1
375,Female,22,2,2.5,74,40,60,66,rich,2,0
376,Male,20,2,2.5,69,49,72,74,rich,2,0
377,Female,20,2.5,2,76,64,67,62,poor,2,0
378,Female,23,1.5,2,78,47,61,63,poor,1,0
379,Male,22,2,2.5,69,62,60,60,rich,1,0
380,Male,20,2.5,3,69,49,78,62,poor,1,0
381,Female,19,3.5,4,73,52,51,67,poor,3,1
382,Male,20,3,3.5,63,41,65,65,rich,3,0
383,Female,21,4.5,4,67,64,73,66,rich,4,1
384,Male,23,3,3.5,75,49,64,74,rich,3,0
385,Male,22,5,5,78,43,77,63,poor,4,1
386,Male,20,5,5,66,38,71,77,rich,5,1
387,Female,19,2.5,3.5,74,51,73,69,rich,2,0
388,Male,20,2,3.5,73,52,66,77,poor,2,0
389,Male,21,1.5,2,76,49,61,66,poor,2,0
390,Female,20,3.5,4,67,51,64,76,rich,3,1
391,Female,22,2,2.5,69,56,65,69,poor,2,0
392,Male,20,2,3,75,55,75,74,poor,3,0
393,Female,19,4,3.5,69,33,71,75,rich,4,1
394,Male,20,3,3,78,39,57,69,rich,2,1
395,Male,21,4.5,4,74,35,69,72,rich,4,1
396,Female,22,3.5,3.5,72,42,74,79,poor,3,1
397,Male,20,3,3.5,77,46,68,76,rich,3,1
398,Male,20,5,4.5,63,46,68,57,rich,4,1
399,Male,21,3.5,4,72,64,63,71,poor,3,0
400,Female,22,5,4,78,61,54,78,poor,4,1
401,Male,22,3,4,69,61,64,76,rich,2,0
402,Male,20,3,4,65,52,59,70,rich,3,0
403,Female,20,2,1.5,60,52,59,68,rich,4,0
404,Female,23,3.5,3,65,54,61,69,poor,5,1
405,Male,22,3.5,4,63,55,65,67,rich,5,1
406,Female,20,4,4.5,76,50,56,61,rich,5,1
407,Male,19,4,4.5,71,54,69,66,poor,2,1
408,Female,20,4,3,62,49,52,62,poor,1,0
409,Male,20,3.5,2,73,52,70,63,rich,1,0
410,Female,19,3.5,2.5,69,55,60,72,poor,2,0
411,Female,20,4,3,76,45,75,68,poor,3,0
412,Male,22,4,3,71,76,65,73,rich,2,0
413,Male,20,4,3,72,43,58,67,rich,2,0
414,Female,20,3.5,3,55,45,52,59,rich,4,0
415,Male,21,3,2,76,76,62,77,poor,5,1
416,Female,22,3,2,60,43,71,69,rich,5,1
417,Male,22,5,5,72,46,64,66,rich,5,1
418,Male,20,5,4.5,67,50,75,80,poor,5,1
419,Male,20,4,3.5,61,50,57,75,poor,3,1
420,Female,23,4.5,4.5,60,58,57,72,rich,4,1
421,Male,22,4.5,3.5,78,48,55,77,poor,3,1
422,Male,20,1.5,2.5,51,51,68,64,poor,2,1
423,Female,19,2,2,65,42,63,71,rich,4,0
424,Female,20,1.5,2,73,40,54,74,rich,4,1
425,Male,21,3,3,64,49,64,82,rich,3,0
426,Female,23,4,4,77,64,59,68,poor,3,0
427,Male,22,3,4.5,71,47,59,77,rich,3,0
428,Female,20,4,4,73,62,61,74,rich,2,0
429,Male,19,4,5,66,49,65,78,poor,1,0
430,Female,20,5,5,61,52,56,57,poor,2,0
431,Female,21,4,4,64,41,69,70,rich,2,0
432,Male,22,1,2,65,64,52,76,poor,3,0
433,Male,20,3,1.5,75,49,70,74,poor,2,0
434,Female,20,4,3.5,71,43,60,71,rich,2,0
435,Male,22,3.5,3,57,38,75,69,rich,3,0
436,Female,20,2.5,2.5,69,51,65,72,rich,4,0
437,Male,19,2.5,2,74,52,58,66,poor,3,0
438,Male,20,4.5,4,68,49,52,73,rich,2,0
439,Male,20,4.5,4,68,64,62,68,rich,3,0
440,Female,22,5,4,63,61,71,74,poor,4,0
441,Male,20,4,5,54,61,64,68,poor,5,1
442,Male,19,4.5,4,64,52,75,74,rich,5,1
443,Female,20,3.5,5,59,52,57,75,poor,5,1
444,Female,21,3,4,59,54,75,77,poor,4,1
445,Male,22,2.5,4.5,61,55,78,69,rich,3,1
446,Female,20,1.5,3.5,65,50,66,66,rich,2,0
447,Male,19,4,3,56,54,74,80,rich,3,0
448,Male,20,4,2.5,69,49,73,75,poor,2,0
449,Female,22,3,3.5,52,52,76,72,rich,2,0
450,Male,20,3,3,70,55,67,77,rich,1,0
451,Male,20,2,3,60,45,69,64,poor,3,0
452,Male,21,4,2,75,76,75,71,poor,4,0
453,Female,22,3,2,65,43,69,74,rich,5,1
454,Male,22,2,2,58,46,78,82,poor,5,1
455,Male,20,3,3,52,50,74,68,poor,5,1
456,Female,20,4,3,62,50,72,77,rich,4,1
457,Female,23,3,3,71,58,77,74,rich,3,1
458,Male,22,4,3,64,48,63,78,rich,2,0
459,Female,20,3,3.5,75,51,72,57,poor,3,0
460,Male,19,3.5,3.5,57,42,78,70,rich,4,0
461,Female,20,3,3,57,40,69,76,rich,2,0
462,Male,19,3.5,3.5,55,49,65,74,poor,3,0
463,Female,20,3.5,4,68,64,60,71,poor,2,0
464,Female,22,4.5,4,63,47,65,69,rich,2,0
465,Male,20,5,5,54,62,63,72,poor,3,0
466,Male,20,5,5,64,49,76,66,poor,4,0
467,Female,21,5,5,59,52,71,73,rich,2,0
468,Male,22,4.5,4,59,41,62,68,rich,3,0
469,Female,22,3,5,61,64,73,73,rich,4,1
470,Male,20,2,4,65,49,69,73,poor,3,1
471,Male,20,3,3,56,43,76,75,rich,3,1
472,Male,23,3,2,69,38,71,70,rich,2,0
473,Female,22,3,2,52,51,72,63,poor,2,0
474,Male,20,1.5,2,70,52,55,74,poor,2,0
475,Male,20,2,3,60,49,76,65,rich,3,0
476,Female,19,5,5,75,51,60,69,poor,3,0
477,Female,20,5,4.5,65,56,72,70,poor,4,0
478,Male,22,4,4.5,58,55,67,70,rich,4,1
479,Female,20,4.5,4.5,52,33,61,70,rich,5,1
480,Male,20,4.5,3.5,62,39,60,69,rich,5,1
481,Female,21,4.5,3.5,71,35,78,61,poor,5,0
482,Male,22,3.5,3,64,42,51,68,rich,4,0
483,Female,22,4.5,3.5,75,46,65,69,rich,3,0
484,Female,20,4.5,3.5,57,46,73,73,poor,2,0
485,Male,20,4,4,75,64,64,79,poor,3,0
486,Male,23,5,3.5,78,61,77,62,rich,4,0
487,Female,22,4,3,66,61,71,79,poor,3,0
488,Male,20,3,3,74,52,73,65,poor,4,0
489,Female,19,2,2.5,73,52,66,72,rich,2,0
490,Male,20,1.5,2.5,76,54,61,75,rich,5,0
491,Male,21,3,3,67,55,64,77,rich,5,0
492,Male,23,4,4,69,50,65,60,poor,5,1
493,Female,22,5,4.5,75,54,75,71,rich,4,1
494,Male,20,4,4,69,49,71,67,rich,3,0
495,Male,19,3.5,3.5,78,52,57,74,poor,4,0
496,Female,20,2.5,3,74,55,69,63,poor,3,0
497,Female,21,4,3.5,72,45,74,77,rich,3,0
498,Male,22,4.5,4,77,76,68,69,poor,3,1
499,Female,20,3.5,3,63,43,68,77,poor,3,1
500,Male,20,4,4.5,72,45,63,66,rich,5,1
501,Male,22,4.5,4.5,78,76,54,76,rich,5,1
502,Female,20,3.5,4.5,69,43,64,69,rich,5,1
503,Male,19,5,5,65,46,59,74,poor,5,1
504,Male,20,5,4,60,50,59,75,rich,5,0
505,Male,19,3,3,65,50,61,69,rich,5,1
506,Female,20,4,4,63,58,65,72,poor,4,1
507,Male,21,3.5,3.5,76,48,56,79,poor,3,1
508,Male,23,4,3.5,71,51,69,76,rich,2,1
509,Female,22,3.5,3,62,42,52,57,poor,2,0
510,Female,20,4.5,4.5,73,40,70,71,poor,1,1
511,Male,19,4,3.5,69,49,60,78,rich,2,1
512,Female,20,2,2.5,76,64,75,76,rich,2,1
513,Male,21,3,3.5,71,66,65,70,rich,5,1
514,Female,22,3,3.5,72,67,58,68,poor,4,1
515,Male,20,5,5,55,49,52,69,rich,2,1
516,Female,20,4.5,4.5,76,59,62,67,rich,2,1
517,Female,22,1.5,2.5,60,66,71,61,poor,3,1
518,Male,20,3.5,3.5,72,74,64,66,poor,3,1
519,Male,19,2.5,3,67,59,75,62,rich,4,1
520,Female,20,2,3,61,71,57,63,poor,2,1
521,Male,20,4,3,60,54,57,72,poor,4,1
522,Female,22,2.5,2,78,55,55,68,rich,5,1
523,Male,20,3.5,3,51,57,68,73,rich,5,1
524,Male,19,5,5,65,59,63,67,rich,3,1
525,Male,20,4,4.5,73,55,54,59,poor,3,1
526,Female,21,5,4.5,64,64,64,62,rich,3,1
527,Male,22,3.5,3.5,77,56,59,58,rich,3,1
528,Male,20,4,4.5,71,54,59,67,poor,2,0
529,Female,19,4,4,73,53,61,66,poor,2,0
530,Female,20,3.5,4,66,54,65,70,rich,1,0
531,Male,22,5,4,61,74,73,66,poor,1,0
532,Female,20,1.5,3,64,62,63,71,poor,1,0
533,Male,20,4.5,3,65,68,67,65,rich,3,0
534,Female,21,3.5,3.5,75,55,75,70,rich,3,0
535,Male,22,4,3,71,65,78,63,rich,4,0
536,Female,22,4.5,3.5,57,52,66,70,poor,5,1
537,Female,20,4,3.5,69,59,74,75,rich,3,1
538,Male,20,4.5,4,74,53,73,70,rich,3,0
539,Male,23,3,3.5,68,52,76,57,poor,2,0
540,Female,22,2,2.5,68,48,67,65,poor,2,0
541,Male,20,2,2.5,63,54,69,58,rich,2,0
542,Female,19,3,3,54,51,75,57,poor,5,0
543,Male,20,4,3.5,64,56,69,69,poor,4,1
544,Male,19,3.5,3,59,55,78,56,rich,4,1
545,Male,20,4,4,59,33,74,58,rich,4,1
546,Female,22,5,5,61,39,72,68,rich,4,1
547,Male,20,5,5,65,35,77,59,poor,4,1
548,Male,20,3,4,56,42,63,66,rich,3,1
549,Female,21,3,3.5,69,46,72,74,rich,3,1
550,Female,22,3,3,52,46,78,62,poor,3,0
551,Male,22,2,2.5,70,64,69,63,poor,3,0
552,Female,20,2,2.5,60,61,65,60,rich,2,0
553,Male,20,2,2.5,75,61,60,62,poor,2,0
554,Male,23,1.5,2,65,52,65,67,poor,3,0
555,Female,22,1.5,2,58,52,63,65,rich,2,1
556,Male,20,1.5,3,52,54,76,66,rich,4,0
557,Male,20,3,3,62,55,71,74,rich,3,1
558,Male,19,3.5,3,71,50,62,63,poor,5,1
559,Female,20,4.5,4,64,54,73,77,rich,5,1
560,Male,22,4.5,4,75,49,69,69,rich,5,1
561,Male,20,3.5,5,57,52,76,77,poor,5,1
562,Female,20,2,3,57,55,71,66,poor,5,1
563,Female,21,2,4,55,45,72,76,rich,5,1
564,Male,22,2.5,3,68,76,55,69,poor,5,1
565,Female,22,2.5,3.5,63,43,76,74,poor,3,1
566,Male,22,4,4.5,54,45,60,75,rich,2,1
567,Female,20,4,5,64,76,72,69,rich,2,1
568,Male,20,4,4.5,59,43,67,72,rich,2,0
569,Female,23,4,4,59,46,61,79,poor,3,0
570,Female,22,4.5,3.5,61,50,60,76,rich,3,0
571,Male,20,4.5,4.5,65,50,78,57,rich,3,0
572,Male,19,3.5,3.5,73,58,51,71,poor,2,0
573,Female,20,2.5,3,63,48,65,78,poor,5,0
574,Male,19,3,3,67,51,73,76,rich,5,1
575,Female,20,3.5,3,75,42,64,70,poor,3,1
576,Male,22,2.5,2.5,77,40,77,68,poor,2,0
577,Male,20,3,3.5,68,49,71,69,rich,2,0
578,Male,20,4,4,68,64,73,67,rich,3,0
579,Female,21,2.5,4,68,47,66,61,rich,2,0
580,Male,22,4.5,4.5,71,62,61,66,poor,3,0
581,Male,22,3.5,3,76,49,64,62,rich,4,0
582,Female,20,4.5,3.5,77,52,65,63,rich,4,1
583,Female,20,4.5,3.5,76,41,75,72,poor,4,1
584,Male,23,5,5,77,64,71,68,poor,5,1
585,Female,22,4.5,4,77,49,57,73,rich,4,1
586,Male,20,4,5,76,43,69,67,poor,5,1
587,Female,20,4.5,4,80,38,74,59,poor,4,1
588,Male,19,4.5,5,70,51,68,77,rich,4,1
589,Female,20,3.5,3,74,52,68,69,rich,4,1
590,Female,22,3,3.5,74,49,63,66,rich,3,1
591,Male,20,3,2.5,79,64,54,80,poor,3,0
592,Male,20,3.5,2.5,66,61,64,75,rich,3,1
593,Female,21,4.5,4.5,64,61,59,72,rich,4,1
594,Male,22,4,4.5,74,52,59,77,poor,2,1
595,Female,22,2.5,3,69,52,61,64,poor,2,0
596,Male,20,3.5,3,76,54,65,71,rich,2,0
597,Male,20,4.5,4.5,78,55,56,74,poor,2,0
598,Male,23,4,5,69,50,69,82,poor,2,0
599,Female,22,3.5,4,69,54,52,68,rich,3,0
600,Male,20,2.5,3,73,49,70,77,rich,4,0
601,Male,19,3.5,3,63,52,60,74,rich,3,1
602,Female,20,3.5,4,67,55,75,78,poor,3,0
603,Female,21,3,3,75,45,65,57,rich,2,0
604,Male,23,3.5,4,78,76,58,70,rich,2,0
605,Female,22,4.5,4,66,43,52,76,poor,5,0
606,Male,20,5,4,74,46,62,74,poor,5,1
607,Male,19,5,5,73,50,71,71,rich,4,1
608,Female,20,5,4.5,76,50,64,69,poor,5,1
609,Male,21,4.5,5,67,58,75,72,poor,3,1
610,Male,20,5,4.5,69,48,57,66,rich,1,0
611,Male,22,4.5,4.5,75,51,57,73,rich,1,0
612,Female,20,4,4,69,42,55,68,rich,2,0
613,Male,19,3,3.5,78,40,68,74,poor,3,0
614,Male,20,3.5,3.5,74,49,63,68,rich,3,0
615,Female,21,4,4,72,64,54,78,rich,2,1
616,Female,22,3.5,4,77,47,64,71,poor,4,0
617,Male,20,4.5,4,63,62,59,78,poor,3,1
618,Female,20,3,4,72,49,59,71,rich,2,0
619,Male,21,3,2,78,52,61,68,poor,3,0
620,Female,22,2.5,2.5,69,41,65,78,poor,3,1
621,Male,22,3.5,4,65,64,56,74,rich,3,1
622,Female,20,3.5,3,60,49,69,75,rich,2,0
623,Female,20,4,3.5,65,43,52,77,rich,2,0
624,Male,23,3,3,63,38,70,69,poor,4,0
625,Male,22,4,4.5,76,51,60,66,rich,4,1
626,Female,20,3.5,2.5,71,52,75,80,rich,4,1
627,Male,19,2.5,3.5,62,49,65,75,poor,3,1
628,Female,20,2.5,3.5,73,51,58,72,poor,3,1
629,Male,20,5,4,69,56,52,77,rich,4,1
630,Male,19,4.5,4,76,55,62,64,poor,4,1
631,Male,20,4,4.5,71,33,71,71,poor,5,1
632,Female,22,4.5,5,72,39,64,74,rich,3,1
633,Male,20,2,3.5,55,35,75,82,rich,2,0
634,Male,20,1.5,2,76,42,57,68,rich,3,0
635,Female,21,2.5,3,60,46,75,77,poor,2,0
636,Female,22,2.5,2,72,46,78,74,rich,3,1
637,Male,22,3.5,3,67,64,66,78,rich,2,0
638,Female,20,3.5,3,61,61,74,57,poor,3,0
639,Male,20,2.5,4,60,61,73,70,poor,4,0
640,Female,23,4,2.5,78,52,76,76,rich,4,1
641,Male,22,3,3.5,51,52,67,74,poor,2,1
642,Female,20,2.5,3.5,65,54,71,71,poor,2,0
643,Female,19,3.5,4,73,55,76,69,rich,1,0
644,Male,20,3.5,4,64,50,76,72,rich,1,0
645,Male,21,3,2.5,77,54,82,66,rich,1,0
646,Female,23,2.5,3,71,49,80,73,poor,3,0
647,Male,22,2.5,3.5,73,52,79,68,rich,5,1
648,Female,20,4.5,4.5,66,55,85,73,rich,2,1
649,Male,19,4,5,61,45,75,73,poor,2,0
650,Male,20,4,4.5,64,76,84,75,poor,2,0
651,Male,21,4,4,65,43,74,70,rich,3,0
652,Female,22,4,5,75,45,77,63,poor,3,0
653,Male,20,5,5,71,76,68,74,poor,3,1
654,Male,20,5,4.5,57,43,68,65,rich,3,1
655,Female,22,5,3.5,69,46,68,69,rich,4,1
656,Female,20,3.5,4,74,50,71,70,rich,5,1
657,Male,19,2.5,4,68,50,76,70,rich,5,1
658,Female,20,2.5,1.5,68,58,77,70,rich,5,1
659,Male,20,3,2.5,63,48,76,69,poor,4,1
660,Male,22,2.5,2.5,54,51,77,61,poor,3,1
661,Female,20,2,2.5,64,42,77,68,rich,2,1
662,Male,19,3,3.5,59,40,76,69,poor,2,0
663,Male,20,4.5,5,59,49,80,73,poor,2,0
664,Male,21,4.5,5,61,64,70,79,rich,1,0
665,Female,22,2.5,3,65,66,74,62,rich,2,0
666,Male,20,1.5,2,56,67,74,79,rich,2,0
667,Male,19,1.5,1.5,69,49,79,65,poor,3,0
668,Female,20,1,1.5,52,59,66,72,rich,3,1
669,Female,22,2,2.5,70,66,64,75,rich,3,1
670,Male,20,3.5,3,60,74,74,77,poor,3,1
671,Female,20,5,4.5,75,59,69,60,poor,2,0
672,Male,21,2.5,3,65,71,76,71,rich,2,0
673,Female,22,3,3.5,58,54,78,67,rich,2,0
674,Male,22,3,4,52,55,69,74,rich,3,0
675,Female,20,4.5,4,62,57,69,63,poor,2,0
676,Female,20,4,4.5,71,59,74,77,rich,3,0
677,Male,23,4,3.5,64,55,72,69,rich,3,0
678,Male,22,2.5,3,75,64,77,77,poor,4,1
679,Female,20,5,4.5,57,56,63,66,poor,3,1
680,Male,19,4,4,57,54,72,76,rich,4,0
681,Female,20,4.5,4,55,53,78,69,poor,3,0
682,Male,19,5,4.5,68,54,69,74,poor,4,1
683,Male,20,5,5,63,74,65,75,rich,4,1
684,Male,22,4,3.5,54,62,60,69,rich,3,1
685,Female,20,2.5,3,64,68,65,72,rich,2,0
686,Male,20,1.5,2,59,55,63,79,poor,2,0
687,Male,21,1,2,59,65,76,76,rich,2,0
688,Female,22,3.5,3,61,52,71,57,rich,1,0
689,Female,22,2.5,2,65,59,62,71,poor,3,0
690,Male,20,3,2.5,56,53,73,78,poor,4,1
691,Female,20,3.5,3.5,69,52,69,76,rich,3,1
692,Male,23,4,4.5,52,48,76,70,poor,3,1
693,Female,22,4.5,4.5,70,54,71,68,poor,2,0
694,Male,20,3,3.5,60,50,72,69,rich,2,0
695,Female,20,2.5,2.5,75,63,56,67,rich,3,0
696,Female,19,2.5,3,65,61,69,61,rich,3,0
697,Male,20,3,3,58,64,52,66,poor,3,1
698,Male,22,3.5,3.5,52,58,70,62,rich,2,0
699,Female,20,2.5,2,62,51,60,63,rich,4,0
700,Male,20,3.5,3.5,71,55,75,72,poor,2,1
701,Female,21,4,3.5,64,50,65,68,poor,3,0
702,Male,22,4,4,75,67,58,73,rich,2,1
703,Male,22,3.5,3,57,62,52,67,poor,3,0
704,Male,20,3.5,3,75,55,62,59,poor,3,1
705,Female,20,3,3.5,78,57,71,62,rich,4,0
706,Male,23,4.5,4,66,59,64,58,rich,4,0
707,Male,22,4.5,4.5,74,55,75,67,rich,3,1
708,Female,20,3.5,3,73,64,57,66,poor,5,0
709,Female,19,3,4,76,56,75,70,rich,5,1
710,Male,20,2.5,3,67,54,78,66,rich,5,1
711,Female,21,1.5,2,69,53,66,71,poor,3,1
712,Male,23,1,2.5,75,54,74,65,poor,3,1
713,Male,22,2.5,2,69,74,73,70,rich,3,1
714,Female,20,3.5,3,78,62,76,63,poor,2,0
715,Male,19,4,3.5,74,68,67,70,poor,2,0
716,Male,20,4,4,72,55,69,75,rich,1,0
717,Male,21,2.5,4,77,65,75,70,rich,2,0
718,Female,22,2,2.5,63,52,69,76,rich,1,0
719,Male,20,3,2.5,72,59,78,74,poor,1,0
720,Male,20,3.5,4,78,53,74,71,rich,3,0
721,Female,22,2,2,69,52,72,69,rich,3,0
722,Female,20,2.5,2,65,48,77,72,poor,4,0
723,Male,19,4,3.5,60,54,63,66,poor,2,0
724,Female,22,2.5,1.5,65,50,72,73,rich,3,0
725,Male,20,3.5,3,63,63,78,68,poor,2,0
726,Female,20,3,2,76,61,69,73,poor,2,0
727,Male,22,3.5,2.5,71,64,65,73,rich,3,0
728,Female,20,3,3.5,62,58,60,75,rich,2,1
729,Female,19,4.5,4,73,51,65,70,rich,2,0
730,Male,22,4,4.5,69,55,63,63,poor,2,0
731,Male,20,3,2.5,76,50,76,70,rich,3,1
732,Female,20,5,5,71,67,71,57,rich,4,1
733,Male,22,4,4,72,62,62,65,poor,5,1
734,Female,20,3.5,4,55,50,84,58,poor,2,1
735,Male,19,3,3,76,52,48,57,rich,3,0
736,Male,20,3.5,3.5,60,58,51,69,poor,4,1
737,Male,21,3,3,72,60,42,56,poor,3,1
738,Female,22,2.5,3.5,67,44,40,58,rich,1,0
739,Male,20,1.5,2,61,48,49,68,rich,1,0
740,Male,20,1.5,2,60,48,64,59,rich,1,0
741,Female,21,1.5,2,78,51,66,66,poor,2,0
742,Female,22,1,1,51,56,67,74,rich,3,0
743,Male,22,2,2,65,57,49,62,rich,4,1
744,Female,20,2.5,3,73,55,59,63,poor,3,1
745,Male,20,3,3.5,64,58,66,60,poor,2,1
746,Female,23,3.5,4,77,51,74,62,rich,2,0
747,Male,22,3,3.5,71,53,59,67,poor,2,0
748,Female,20,3.5,2.5,73,52,71,65,poor,1,0
749,Female,19,2.5,3,66,53,54,66,rich,1,0
750,Male,20,2,3.5,61,44,55,74,rich,1,0
751,Male,20,3.5,4,64,49,57,63,rich,3,0
752,Female,19,3.5,3.5,65,54,59,77,poor,3,1
753,Male,20,2.5,2,75,59,55,69,rich,4,0
754,Female,22,2,1.5,71,64,64,77,rich,3,1
755,Male,20,4,5,57,38,56,66,poor,4,0
756,Male,20,4,3.5,69,42,54,76,poor,5,1
757,Male,21,4.5,5,74,48,53,69,rich,2,1
758,Female,22,2.5,3,68,51,54,74,poor,2,0
759,Male,22,3.5,4,68,50,74,75,poor,2,0
760,Male,20,4.5,3,63,56,62,69,rich,3,0
761,Female,20,3.5,4.5,54,52,68,72,rich,2,0
762,Female,23,1,2.5,64,62,55,79,rich,3,0
763,Male,22,2,2,59,60,65,76,poor,4,0
764,Female,20,2,3,59,55,52,57,rich,2,0
765,Male,19,2.5,2.5,61,51,59,71,rich,3,0
766,Male,20,3.5,3,65,56,53,78,poor,4,0
767,Female,21,4.5,4,56,48,52,76,poor,5,0
768,Male,23,3,3,69,56,48,70,rich,5,0
769,Male,22,2,2.5,52,48,54,68,poor,5,1
770,Male,20,2,2.5,70,49,50,69,poor,5,1
771,Female,19,2.5,2,60,42,63,67,rich,5,0
772,Male,20,2.5,2,75,46,61,61,rich,2,0
773,Male,21,3.5,2.5,65,46,64,66,rich,1,0
774,Female,22,3.5,3,58,64,58,62,poor,2,0
775,Female,20,3,4,52,61,51,63,rich,2,1
776,Male,20,2.5,2,62,61,55,72,rich,3,1
777,Female,22,2.5,2,71,52,50,68,poor,4,1
778,Male,20,4.5,3.5,64,52,67,73,poor,5,1
779,Female,19,4,1.5,75,54,62,67,rich,5,1
780,Male,20,4,3,57,55,55,59,poor,5,1
781,Female,20,4,2,57,50,57,77,poor,2,0
782,Female,22,4,2.5,55,54,59,69,rich,1,1
783,Male,20,5,3.5,68,49,55,66,rich,1,1
784,Male,19,5,4,63,52,64,80,rich,2,1
785,Female,20,5,4.5,54,55,56,75,poor,3,1
786,Male,21,3.5,2.5,64,45,54,72,rich,2,0
787,Female,22,2.5,5,59,76,53,77,rich,2,1
788,Male,20,2.5,4,59,43,54,64,poor,4,1
789,Male,19,3,4,61,46,74,71,poor,5,1
790,Male,20,2.5,3,65,50,62,74,rich,5,1
791,Female,22,2,3.5,73,50,68,82,poor,5,1
792,Male,20,3,3,63,58,55,68,poor,5,1
793,Male,20,4.5,3.5,67,48,65,77,rich,3,1
794,Female,21,4.5,2,75,51,52,74,rich,4,1
795,Female,22,2.5,2,78,42,59,78,rich,3,1
796,Male,22,1.5,2,66,40,53,57,poor,2,1
797,Female,20,1.5,1,74,49,52,70,rich,4,1
798,Male,20,1,2,73,64,48,76,rich,4,1
799,Female,23,2,3,76,47,54,74,poor,3,1
800,Male,22,3.5,3.5,67,62,50,71,poor,3,1
801,Female,20,5,4,69,49,63,69,rich,3,1
802,Female,19,2.5,3.5,75,52,61,72,poor,2,1
803,Male,20,3,2.5,69,41,64,66,poor,1,1
804,Male,19,3,3,78,64,58,73,rich,2,1
805,Female,20,4.5,3.5,74,49,51,68,rich,2,0
806,Male,22,4,4,72,43,55,74,rich,3,0
807,Female,20,4,3.5,77,38,50,68,poor,2,0
808,Male,20,2.5,2,63,51,67,78,rich,2,0
809,Male,21,5,1.5,72,52,62,71,rich,3,0
810,Male,22,4,5,78,49,50,78,poor,4,0
811,Female,22,4.5,3.5,69,51,52,71,poor,3,0
812,Male,20,5,5,65,56,58,68,rich,2,0
813,Male,20,5,3,60,55,60,78,poor,3,1
814,Female,23,4,4,65,33,44,74,poor,4,1
815,Female,22,2.5,3,63,39,48,75,rich,5,0
816,Male,20,1.5,4.5,76,35,48,77,rich,5,0
817,Female,20,1,2.5,71,42,51,69,rich,5,0
818,Male,19,3.5,2,62,46,56,66,poor,4,0
819,Male,20,2.5,3,73,46,57,80,rich,3,0
820,Female,22,3,2.5,69,64,55,75,rich,2,1
821,Male,20,3.5,3,76,61,58,72,poor,3,1
822,Male,20,4,4,71,61,51,77,poor,2,1
823,Male,21,4.5,3,72,52,53,64,rich,2,1
824,Female,22,3,2.5,55,52,52,71,poor,1,1
825,Male,22,2.5,2.5,76,54,53,74,poor,3,1
826,Male,20,2.5,2,60,55,44,82,rich,4,1
827,Female,20,3,2,72,50,49,68,rich,5,0
828,Female,23,3.5,2.5,67,54,54,77,rich,5,0
829,Male,22,2.5,3,61,49,59,74,poor,5,0
830,Male,20,3.5,4,60,52,64,78,rich,4,0
831,Male,19,4,3.5,78,55,38,57,rich,3,0
832,Female,20,4,4,51,45,42,70,poor,2,1
833,Male,21,3.5,3.5,65,76,48,76,poor,3,0
834,Male,23,3.5,5,73,43,51,74,rich,4,1
835,Female,22,3,5,64,45,50,71,poor,2,1
836,Female,20,4.5,3.5,77,76,56,69,poor,3,1
837,Male,19,4.5,3.5,71,43,52,72,rich,2,1
838,Female,20,3.5,2,73,46,62,66,rich,2,1
839,Male,21,3,4,66,50,60,73,rich,3,1
840,Male,20,2.5,2.5,61,50,55,68,poor,4,1
841,Female,22,1.5,3,64,58,51,73,rich,2,1
842,Male,20,1,3.5,65,48,56,73,rich,3,1
843,Male,19,2.5,3,75,51,48,75,poor,4,1
844,Male,20,3.5,4,71,42,56,70,poor,3,1
845,Female,21,4,3.5,57,40,48,63,rich,3,0
846,Male,22,4,3.5,69,49,49,74,poor,2,0
847,Male,20,2.5,4.5,74,64,42,65,poor,2,0
848,Female,20,2,4,68,47,46,69,rich,2,0
849,Female,21,3,4,68,62,46,70,rich,3,0
850,Male,22,3.5,4,63,49,64,70,rich,3,0
851,Female,22,2,4,54,52,61,70,poor,4,1
852,Male,20,2.5,1.5,64,41,61,69,rich,4,1
853,Female,20,4,3,59,64,52,61,rich,5,0
854,Male,23,2.5,4,59,49,52,68,poor,5,0
855,Female,22,3.5,4.5,61,43,54,69,poor,5,0
856,Female,20,3,4.5,65,38,55,73,rich,4,0
857,Male,19,3.5,3,56,51,50,79,poor,3,0
858,Male,20,3,2,69,52,54,62,poor,2,0
859,Female,20,4.5,2.5,52,49,49,79,rich,3,1
860,Male,22,4,3,70,64,52,65,rich,4,1
861,Female,20,3,3,60,61,55,72,rich,3,1
862,Male,20,5,3,75,61,45,75,poor,4,1
863,Male,22,4,3,65,52,76,77,rich,2,1
864,Male,20,3.5,2,58,52,43,60,rich,5,1
865,Female,19,3,2,52,54,46,71,poor,5,1
866,Male,20,3.5,5,62,55,50,67,poor,5,1
867,Male,21,3,4.5,71,50,50,74,rich,4,1
868,Female,22,2.5,3.5,64,54,58,63,poor,3,0
869,Female,20,1.5,4.5,75,49,48,77,poor,4,1
870,Male,20,1.5,3.5,57,52,51,69,rich,3,1
871,Female,21,1.5,2.5,57,55,42,77,rich,3,1
872,Male,22,1,2,55,45,40,66,rich,3,0
873,Female,22,2,2,68,76,49,76,poor,3,0
874,Male,20,2.5,3,63,43,64,69,rich,5,0
875,Female,20,3,4,54,46,47,74,rich,5,0
876,Female,23,3.5,4.5,64,50,62,75,poor,5,0
877,Male,22,3,4,59,50,49,69,poor,5,0
878,Male,20,3.5,5,59,58,52,72,rich,5,1
879,Female,19,2.5,5,61,48,41,79,poor,5,0
880,Male,20,2,4,65,51,64,76,poor,4,0
881,Female,20,3.5,2,56,42,49,57,rich,3,0
882,Male,19,3.5,1.5,69,40,43,71,rich,2,0
883,Male,20,2.5,3.5,52,49,38,78,rich,2,1
884,Male,22,2,3,70,64,51,76,poor,1,1
885,Female,20,4,2.5,60,47,52,70,rich,2,1
886,Male,20,4,2,75,62,49,68,rich,2,1
887,Male,21,4.5,4,65,49,51,69,poor,5,0
888,Female,22,2.5,4,58,52,56,67,poor,4,0
889,Female,22,3.5,4,52,41,55,61,rich,2,0
890,Male,20,4.5,5,62,64,33,66,poor,2,0
891,Female,19,3.5,4,71,49,39,62,poor,3,0
892,Male,20,1,5,64,43,35,63,rich,3,1
893,Male,22,2,4,75,38,42,72,rich,4,0
894,Female,20,2,4.5,57,51,46,68,rich,2,1
895,Male,20,2.5,3.5,75,52,46,73,poor,4,0
896,Male,21,3.5,3,78,49,64,67,rich,5,0
897,Male,22,4.5,2.5,66,51,61,59,rich,5,1
898,Female,22,3,3.5,74,56,61,62,poor,3,1
899,Male,20,2,3,73,55,52,58,poor,3,0
900,Male,20,2,3,76,33,52,67,rich,3,0
901,Female,23,2.5,2,67,39,54,66,poor,3,0
902,Female,22,1.5,2,71,35,55,70,poor,2,1
903,Male,20,2,2,76,42,50,66,rich,2,1
904,Male,19,2.5,3,76,46,54,71,rich,1,1
905,Male,20,3.5,3,82,46,49,65,rich,1,1
906,Female,19,3,3,80,64,52,70,poor,1,1
907,Male,20,4.5,3,79,61,55,63,rich,3,1
908,Male,22,3,3.5,85,61,45,70,rich,3,1
909,Female,20,5,3.5,75,52,76,75,poor,4,1
910,Female,20,5,3,84,52,43,70,poor,5,0
911,Male,21,2.5,3.5,74,54,45,76,rich,3,0
912,Female,22,2,4,77,55,76,74,poor,3,0
913,Male,22,1.5,4,68,50,43,71,poor,2,1
914,Male,20,3.5,5,68,54,46,69,rich,2,0
915,Female,20,2,5,68,49,50,72,rich,2,0
916,Male,23,2,5,71,52,50,66,rich,5,0
917,Male,22,4,4,76,55,58,73,poor,4,1
918,Male,20,3,5,77,45,48,68,rich,4,1
919,Female,20,4.5,4,76,76,51,73,rich,4,0
920,Male,19,3.5,3,77,43,42,73,poor,4,0
921,Male,20,3,2,77,45,40,75,poor,4,0
922,Female,22,5,2,76,76,49,70,rich,3,0
923,Female,20,3.5,2,80,43,64,63,poor,3,0
924,Male,20,5,3,70,46,47,74,poor,3,1
925,Female,21,3,5,74,50,62,65,rich,3,1
926,Male,22,3,4.5,74,50,49,69,rich,2,0
927,Female,22,2,4.5,79,58,52,70,rich,2,0
928,Male,22,3.5,4.5,66,48,41,70,rich,3,0
929,Female,20,3.5,3.5,64,75,64,70,rich,2,0
930,Female,20,4,3.5,74,71,49,69,poor,4,1
931,Male,23,4,3,69,57,43,61,poor,3,1
932,Male,22,4,3.5,76,69,38,68,rich,5,1
933,Female,20,3.5,3.5,78,74,51,69,poor,5,1
934,Male,19,3.5,4,69,68,52,73,poor,5,1
935,Female,20,4,3.5,69,68,49,79,rich,5,1
936,Male,19,4,3,74,63,64,62,rich,5,1
937,Male,20,4,3,72,54,61,79,rich,5,1
938,Male,22,3.5,2.5,77,64,61,65,poor,5,1
939,Female,20,3,2.5,63,59,52,72,rich,3,0
940,Male,20,3,3,72,59,52,75,rich,2,0
941,Male,21,5,4,78,61,54,77,poor,2,0
942,Female,22,5,4.5,69,65,55,60,poor,2,0
943,Female,22,4,4,65,56,50,71,rich,3,0
944,Male,20,4.5,3.5,60,69,54,67,rich,3,0
945,Female,20,4.5,3,65,52,49,74,rich,3,1
946,Male,23,1.5,3.5,63,70,52,63,poor,2,1
947,Female,22,2,4,76,60,55,77,rich,5,1
948,Male,20,1.5,3,71,75,45,69,rich,5,0
949,Female,20,3,4.5,62,65,76,77,poor,3,0
950,Female,19,4,4.5,73,58,43,66,poor,2,0
951,Male,20,3,4.5,69,52,46,76,rich,2,0
952,Male,22,4,5,76,62,50,69,poor,3,0
953,Female,20,4,4,71,71,50,74,poor,2,0
954,Male,20,5,3,72,64,58,75,rich,3,0
955,Female,21,4,4,56,75,48,69,rich,4,1
956,Male,22,1,3.5,69,57,51,72,rich,4,1
957,Male,22,3,3.5,52,57,42,79,poor,4,0
958,Male,20,4,3,70,55,40,76,rich,5,0
959,Female,20,3.5,4.5,60,68,49,57,rich,4,1
960,Male,23,2.5,3.5,75,63,64,71,poor,5,1
961,Male,22,2.5,2.5,65,54,47,78,poor,4,1
962,Female,20,4.5,3.5,58,64,62,76,rich,4,0
963,Female,19,4.5,3.5,52,59,49,70,poor,4,0
964,Male,20,5,5,62,59,52,68,poor,3,0
965,Female,21,4,4.5,71,61,41,69,rich,3,0
966,Male,23,4.5,2.5,64,65,64,67,rich,3,0
967,Male,22,3.5,3.5,75,73,49,61,rich,4,1
968,Female,20,3,3,57,63,43,66,poor,2,1
969,Male,19,2.5,3,75,58,38,62,rich,2,1
970,Male,20,1.5,3,78,51,51,77,rich,2,0
971,Male,21,4,2,66,55,52,64,poor,2,0
972,Female,20,4,3,74,50,49,71,poor,2,0
973,Male,22,3,5,73,67,51,74,rich,3,0
974,Male,20,3,4.5,76,62,56,82,poor,4,1
975,Female,19,2,4.5,67,50,55,68,poor,3,0
976,Female,20,4,3.5,69,52,33,77,rich,3,0
977,Male,21,4.5,4.5,75,58,39,74,rich,2,1
978,Male,22,3.5,4,69,60,74,78,rich,2,0
979,Male,20,1,4,78,44,69,57,poor,5,1
980,Female,20,2,4,74,48,76,70,rich,5,0
981,Male,21,2,3,72,48,78,76,rich,4,1
982,Male,22,2.5,3,77,51,69,74,poor,5,0
983,Female,22,3.5,3.5,63,56,69,71,poor,3,0
984,Female,20,4.5,3,72,57,74,69,rich,1,1
985,Male,20,3,3.5,78,55,72,72,poor,1,0
986,Female,23,2,3.5,69,58,77,66,poor,2,1
987,Male,22,2,4,65,51,63,73,rich,3,1
988,Male,20,2.5,3.5,60,53,72,68,rich,3,1
989,Female,19,1.5,2.5,65,52,78,74,rich,2,1
990,Male,20,2,2.5,63,53,69,68,poor,4,1
991,Male,20,2.5,3,76,44,65,74,rich,3,0
992,Male,19,3.5,3.5,71,49,60,75,rich,2,1
993,Female,20,3,3,62,54,65,77,poor,3,0
994,Male,22,4.5,4,84,59,63,69,poor,3,1
995,Male,20,3,5,74,64,76,66,rich,3,0
996,Female,20,5,5,77,38,71,80,poor,2,0
997,Female,21,5,4,68,42,62,75,poor,2,0
998,Male,22,2.5,3.5,68,48,73,72,rich,4,0
999,Female,22,2,3,68,51,69,77,rich,4,0
1000,Male,20,3,3.5,77,80,65,77,poor,3,1
